<?xml version="1.0" encoding="UTF-8"?>
<!DOCTYPE mapper PUBLIC "-//mybatis.org//DTD Mapper 3.0//EN" "http://mybatis.org/dtd/mybatis-3-mapper.dtd">

<mapper namespace="com.zebrunner.carina.demo.db.mappers.UserPreferenceMapper">

	<insert id="create" useGeneratedKeys="true"
		keyProperty="id">
		<![CDATA[
			INSERT INTO carina.USER_PREFERENCES (NAME, VALUE, USER_ID)
			VALUES (
				#{name},
			    #{value},
				#{userId}
			)
		]]>
	</insert>
	
	<sql id="getUserPreference">
		<![CDATA[
			SELECT
				UP.ID AS USER_PREFERENCE_ID,
				UP.NAME AS USER_PREFERENCE_NAME,
				UP.VALUE AS USER_PREFERENCE_VALUE,
				UP.USER_ID AS USER_PREFERENCE_USER_ID
			FROM
				carina.USER_PREFERENCES UP
		]]>
	</sql>

	<select id="findById"
		resultMap="UserPreferenceResultMap">
		<include refid="getUserPreference" />
		<![CDATA[
			WHERE UP.ID = #{id};
		]]>
	</select>

	<resultMap type="com.zebrunner.carina.demo.db.models.UserPreference"
		id="UserPreferenceResultMap" autoMapping="false">
		<id column="USER_PREFERENCE_ID" property="id" />
		<result column="USER_PREFERENCE_NAME" property="name" />
		<result column="USER_PREFERENCE_VALUE" property="value" />
		<result column="USER_PREFERENCE_USER_ID" property="userId" />
	</resultMap>

</mapper>
